<hibernate-configuration>
    <session-factory>
        <property name="hibernate.connection.driver_class">org.postgresql.Driver</property>
        <property name="hibernate.connection.url">jdbc:postgresql://localhost:5432/mydatabase</property>
        <property name="hibernate.connection.username">postgres</property>
        <property name="hibernate.connection.password">Java</property>
        <property name="hibernate.dialect">org.hibernate.dialect.PostgreSQLDialect</property>
        <property name="hibernate.hbm2ddl.auto">update</property>
        <property name="show_sql">true</property>
        <mapping class="model.Shape"/>
    </session-factory>
</hibernate-configuration>
